{"cameraMode":{"drawMode":0,"name":"Shaded","section":"Shading Mode"},"sceneLighting":false,"audioPlay":false,"sceneViewState":{"m_AlwaysRefresh":false,"showFog":true,"showSkybox":false,"showFlares":true,"showImageEffects":true,"showParticleSystems":true,"showVisualEffectGraphs":true,"m_FxEnabled":true},"in2DMode":false,"pivot":{"x":3.8031864166259767,"y":6.586919784545898,"z":0.6757806539535523},"rotation":{"x":-0.07550060749053955,"y":-0.9223831295967102,"z":0.23337216675281526,"w":-0.2984110713005066},"size":1.5982125997543336,"orthographic":false}